omega,sqrt_omega,D_T_from_norm_loss,roof_flux_integral,roof_flux_explains_loss_ratio,roof_detection_mean_time,plane1_t_no_return,plane2_t_no_return,common_t_cut_used_in_S4,plane1_R_net_firstbounce,plane2_R_net_firstbounce,plane1_no_return_ratio,plane2_no_return_ratio,plane1_post_cut_ratio,plane2_post_cut_ratio,interpretation
1.0,1.0,0.9250079393386841,0.9250299546151229,1.000023800094575,3.9463077319184534,13.57799217987559,13.415992179875587,3.6,0.010101387630432196,0.016509528700342432,0.005992259331493054,0.010668678769585225,0.01189035843073183,0.10817607920394263,common cut separates early first-pass window from later finite-guide return diagnostics
50.0,7.0710678118654755,0.7872374951839447,0.7875940529943358,1.0004529227997554,5.005675505474168,7.554396350608608,7.478796350608607,3.6,0.004988677830711192,0.011055195041780307,0.0025502723953916622,0.009800654831838347,0.18414896447292198,0.3297170548424267,common cut separates early first-pass window from later finite-guide return diagnostics
100.0,10.0,0.6697242856025696,0.6702802670169986,1.000830164631,6.004619319383527,6.015997393291864,5.961997393291862,3.6,0.0036694776305095313,0.0091545954747145,0.00233071454487876,0.0063647872856906745,0.28217324353323586,0.4303087151093627,common cut separates early first-pass window from later finite-guide return diagnostics
150.0,12.24744871391589,0.5764954090118408,0.5768086382560131,1.0005433334581262,6.63055472843576,5.688830943850881,5.639330943850881,3.6,0.02051450497887862,0.014365291119726552,0.025715070743816973,0.011305851634469408,0.3774238738842597,0.5119852960319496,common cut separates early first-pass window from later finite-guide return diagnostics
200.0,14.142135623730951,0.5075454115867615,0.5078586926863383,1.000617247427373,7.015803891891745,4.463598435975118,4.4311984359751175,3.6,0.016113209985636354,0.00681607936421422,0.01748200755730669,0.005540138972387959,0.49676337928528896,0.6005882427877468,common cut separates early first-pass window from later finite-guide return diagnostics
300.0,17.320508075688775,0.41577380895614624,0.4160880028550261,1.0007556846826613,7.451324261156121,3.6883989573167453,3.666798957316745,3.6,0.0036822420357037907,0.07049345435620638,0.002029827925819155,0.05806640426754448,0.6527273444370701,0.7101226139504543,common cut separates early first-pass window from later finite-guide return diagnostics
