omega,sqrt_omega,integrated_detector_rate,norm_loss_diag,detector_budget_rel_error,eps_g_sqrt_omega,q_omega,E_s2,beta_bl,Lambda_omega,E2br_weighted_mean_active,E_plus_only_historical_weighted_mean_active,branch_Qminus_weighted_mean,Pi_minus_not_neglected,source_json,interpretation
1.0,1.0,0.9250247928964083,0.9250078797340393,1.8284344100746276e-05,0.013333333656191826,0.00017394204678630317,0.9784239657890818,-0.08028171601426977,-0.08028171601426977,0.0017920341521508092,0.687878797733346,0.4955881589182201,True,s7_boundary_symbol_summary_omega001.json,one-grid boundary-symbol diagnostic; full two-branch map is central; Pi_minus included; auxiliary depth is only a numerical probe
50.0,7.0710678118654755,0.7875526067163716,0.7872376143932343,0.00040012356800322025,0.09428090644116063,0.02438761768629155,2.743606856838282,-0.024906332376133378,-0.1761143651764997,0.014827846578240543,0.3393128011610665,0.07317365286678768,True,s7_boundary_symbol_summary_omega050.json,one-grid boundary-symbol diagnostic; full two-branch map is central; Pi_minus included; auxiliary depth is only a numerical probe
100.0,10.0,0.6702080070598176,0.6697244346141815,0.000722046890695732,0.13333333656191826,0.05581799254958104,3.139761928859111,0.03220922869784815,0.32209228697848147,0.029991214286859393,0.27673233008198606,0.039313411443258325,True,s7_boundary_symbol_summary_omega100.json,one-grid boundary-symbol diagnostic; full two-branch map is central; Pi_minus included; auxiliary depth is only a numerical probe
200.0,14.142135623730951,0.5077908933341074,0.5074474513530731,0.0006768030465391938,0.18856181288232127,0.10378133723890436,2.918849968487858,0.021472342138579847,0.3036647746829493,0.05440100346772611,0.2239205690453749,0.02094317454050493,True,s7_boundary_symbol_summary_omega200.json,one-grid boundary-symbol diagnostic; full two-branch map is central; Pi_minus included; auxiliary depth is only a numerical probe
300.0,17.320508075688775,0.4160402101978271,0.4159415364265442,0.00023722990526661649,0.23094010767585035,0.14135704673420557,2.6504446262663532,0.010494206602373879,0.18176499020436324,0.07601193642988498,0.2237834562625181,0.020182614819050634,True,s7_boundary_symbol_summary_omega300.json,one-grid boundary-symbol diagnostic; full two-branch map is central; Pi_minus included; auxiliary depth is only a numerical probe
