{
  "meta": {
    "LxLyLz": [
      0.816496580927726,
      0.816496580927726,
      20.0
    ],
    "NxNyNz": [
      100,
      100,
      1500
    ],
    "T_final_saved": 20.0,
    "dt_saved": 0.004999999999999893,
    "k_bc": 3.141592653589793,
    "omega": 150.0,
    "run_dir": "2812.Spin_Gauss_DirichletABC_theta=0+C_Omega=150_L=10_TauTail",
    "raw_hpc_path_sanitized": true
  },
  "planes": {
    "plane1": {
      "Jnet_min": -0.0551679154015823,
      "Jnet_peak": 0.2861906371795781,
      "analysis_conv": {
        "R_loc_firstbounce": 0.020516262692224185,
        "R_net_firstbounce": 0.02051450497890607,
        "arrival_thr_used": 0.0002861906371796055,
        "baseline_b_loc": 8.988505676921827e-12,
        "baseline_b_net": 0.0,
        "baseline_ok": true,
        "baseline_window_used": [
          2.34079977620457,
          3.9499999999999997
        ],
        "inc_out_scale": 0.28619063717960547,
        "incident_window": [
          0.98,
          2.3307997762045702
        ],
        "incoming_peak_val": 0.005969280344736359,
        "incoming_peak_val_corr": 0.005969280344736359,
        "incoming_thr_used": 0.00572381274359211,
        "incoming_thr_used_corr": 0.00572381274359211,
        "incoming_width_window": [
          3.721001118977151,
          5.128998881022849
        ],
        "integrals": {
          "P_inc_loc": 0.22036120998916608,
          "P_inc_net": 0.22036120998865166,
          "P_refl_loc": 0.004520988471314108,
          "P_refl_net": 0.004520601139469961
        },
        "reflection_window": [
          3.9499999999999997,
          4.9
        ],
        "reflection_window_corr": [
          3.9499999999999997,
          4.9
        ],
        "search_window_stage1": [
          2.34079977620457,
          3.0604430768057043
        ],
        "search_window_stage2": [
          2.34079977620457,
          5.688830943850881
        ],
        "search_window_used": "stage2_due_to_no_crossing",
        "status": "ok",
        "t_arrival": 0.98,
        "t_cross_incoming": 4.42,
        "t_cross_incoming_corr": 4.42,
        "t_cut_noreturn": 5.688830943850881,
        "t_pk_incoming": 4.425,
        "t_pk_incoming_corr": 4.425,
        "t_pk_outgoing": 2.2,
        "t_ref_for_cut": 2.3564441957828555,
        "t_ref_pred": 2.3564441957828555,
        "v_pred_for_cut": 10.909097844904087,
        "v_used": 10.909097844904087,
        "w_in_used": 0.4750000000000001,
        "w_in_used_corr": 0.4750000000000001,
        "w_out_used": 0.14079977620456977
      },
      "analysis_total": {
        "R_loc_firstbounce": 0.020518269618504198,
        "R_net_firstbounce": 0.02051450497887862,
        "arrival_thr_used": 0.0002861906371795781,
        "baseline_b_loc": 2.623051908571075e-11,
        "baseline_b_net": 0.0,
        "baseline_ok": true,
        "baseline_window_used": [
          2.34079977620457,
          3.9499999999999997
        ],
        "inc_out_scale": 0.2861906371795781,
        "incident_window": [
          0.98,
          2.3307997762045702
        ],
        "incoming_peak_val": 0.005969280344644483,
        "incoming_peak_val_corr": 0.005969280344644483,
        "incoming_thr_used": 0.0057238127435915625,
        "incoming_thr_used_corr": 0.0057238127435915625,
        "incoming_width_window": [
          3.721001118977151,
          5.128998881022849
        ],
        "integrals": {
          "P_inc_loc": 0.22036120999053393,
          "P_inc_net": 0.22036120998865932,
          "P_refl_loc": 0.004521430720045596,
          "P_refl_net": 0.004520601139464069
        },
        "reflection_window": [
          3.9499999999999997,
          4.9
        ],
        "reflection_window_corr": [
          3.9499999999999997,
          4.9
        ],
        "search_window_stage1": [
          2.34079977620457,
          3.0604430768057043
        ],
        "search_window_stage2": [
          2.34079977620457,
          5.688830943850881
        ],
        "search_window_used": "stage2_due_to_no_crossing",
        "status": "ok",
        "t_arrival": 0.98,
        "t_cross_incoming": 4.42,
        "t_cross_incoming_corr": 4.42,
        "t_cut_noreturn": 5.688830943850881,
        "t_pk_incoming": 4.425,
        "t_pk_incoming_corr": 4.425,
        "t_pk_outgoing": 2.2,
        "t_ref_for_cut": 2.3564441957828555,
        "t_ref_pred": 2.3564441957828555,
        "v_pred_for_cut": 10.909097844904087,
        "v_used": 10.909097844904087,
        "w_in_used": 0.4750000000000001,
        "w_in_used_corr": 0.4750000000000001,
        "w_out_used": 0.14079977620456977
      },
      "checks": {
        "check_abs_Jnet_vs_Jplus_minus_Jminus": 1.1102230246251565e-16,
        "check_abs_Jnet_vs_conv_plus_spin": 1.1102230246251565e-16,
        "check_abs_Jnetconv_vs_Jplusconv_minus_Jminusconv": 1.1102230246251565e-16,
        "check_rel_Jnet_vs_Jplus_minus_Jminus": 3.252366217574119e-16,
        "check_rel_Jnet_vs_conv_plus_spin": 3.252366217574119e-16,
        "check_rel_Jnetconv_vs_Jplusconv_minus_Jminusconv": 3.252366217574119e-16,
        "eps_spin_abs_incident_total": 3.114921390307944e-13,
        "eps_spin_signed_incident_total": 3.47038538196891e-14
      },
      "dist_to_bottom": 19.133333206176758,
      "dist_to_roof": 0.85333251953125,
      "int_Jminus_net": 0.12637995203603833,
      "int_Jplus_net": 0.7207142471605266,
      "z_pos": 19.133333206176758
    },
    "plane2": {
      "Jnet_min": -0.08184931006350626,
      "Jnet_peak": 0.390224797556917,
      "analysis_conv": {
        "R_loc_firstbounce": 0.014369469858018048,
        "R_net_firstbounce": 0.014365291119692735,
        "arrival_thr_used": 0.0003902247975569106,
        "baseline_b_loc": 1.7798223102978717e-11,
        "baseline_b_net": 0.0,
        "baseline_ok": true,
        "baseline_window_used": [
          2.38479977620457,
          4.905
        ],
        "inc_out_scale": 0.3902247975569106,
        "incident_window": [
          0.925,
          2.3747997762045703
        ],
        "incoming_peak_val": 0.008925807058341045,
        "incoming_peak_val_corr": 0.008925807058341045,
        "incoming_thr_used": 0.007804495951138212,
        "incoming_thr_used_corr": 0.007804495951138212,
        "incoming_width_window": [
          4.04600111897715,
          5.639330943850881
        ],
        "integrals": {
          "P_inc_loc": 0.3313346568871419,
          "P_inc_net": 0.3313346568867068,
          "P_refl_loc": 0.004761103365056538,
          "P_refl_net": 0.004759718804221049
        },
        "reflection_window": [
          4.905,
          5.585
        ],
        "reflection_window_corr": [
          4.905,
          5.585
        ],
        "search_window_stage1": [
          2.38479977620457,
          3.610443076805706
        ],
        "search_window_stage2": [
          2.38479977620457,
          5.639330943850881
        ],
        "search_window_used": "stage2_due_to_no_crossing",
        "status": "ok",
        "t_arrival": 0.925,
        "t_cross_incoming": 5.215,
        "t_cross_incoming_corr": 5.215,
        "t_cut_noreturn": 5.639330943850881,
        "t_pk_incoming": 5.245,
        "t_pk_incoming_corr": 5.245,
        "t_pk_outgoing": 2.145,
        "t_ref_for_cut": 2.4114441957828556,
        "t_ref_pred": 2.4114441957828556,
        "v_pred_for_cut": 10.909097844904087,
        "v_used": 10.909097844904087,
        "w_in_used": 0.33999999999999986,
        "w_in_used_corr": 0.33999999999999986,
        "w_out_used": 0.23979977620457005
      },
      "analysis_total": {
        "R_loc_firstbounce": 0.014369544513684794,
        "R_net_firstbounce": 0.014365291119726552,
        "arrival_thr_used": 0.00039022479755691704,
        "baseline_b_loc": 5.6037381349188087e-11,
        "baseline_b_net": 0.0,
        "baseline_ok": true,
        "baseline_window_used": [
          2.38479977620457,
          4.905
        ],
        "inc_out_scale": 0.390224797556917,