{
  "AVG_PLANES": 1,
  "LxLyLz": [
    0.5773502691896257,
    0.5773502691896257,
    20.0
  ],
  "NxNyNz": [
    100,
    100,
    1500
  ],
  "P0_init": 1.0,
  "T_final": 20.0,
  "Z_GUARD": 4,
  "Z_SEP_LIST": [
    60,
    105
  ],
  "dt": 0.00015,
  "k_bc": 3.141592653589793,
  "omega": 300.0,
  "planes": {
    "plane1": {
      "analysis_conv": {
        "R_loc_firstbounce": 0.0036831737932498157,
        "R_net_firstbounce": 0.0036822420356524294,
        "arrival_thr_used": 0.00023303823199150644,
        "baseline_b_loc": 7.710533210028669e-12,
        "baseline_b_net": 0.0,
        "baseline_ok": true,
        "baseline_window_used": [
          2.227439902343812,
          3.5685
        ],
        "inc_out_scale": 0.23303823199150644,
        "incident_window": [
          0.9719999999999999,
          2.221439902343812
        ],
        "incoming_peak_val": 0.005564266461429001,
        "incoming_peak_val_corr": 0.005564266461429001,
        "incoming_thr_used": 0.004660764639830129,
        "incoming_thr_used_corr": 0.004660764639830129,
        "incoming_width_window": [
          3.319800488280939,
          3.6883989573167453
        ],
        "integrals": {
          "P_inc_loc": 0.16461556455609505,
          "P_inc_net": 0.16461556455503157,
          "P_refl_loc": 0.0006063077333340325,
          "P_refl_net": 0.0006061543515271933
        },
        "reflection_window": [
          3.5685,
          3.6854999999999998
        ],
        "reflection_window_corr": [
          3.5685,
          3.6854999999999998
        ],
        "search_window_stage1": [
          2.227439902343812,
          2.541466069878852
        ],
        "search_window_stage2": [
          2.227439902343812,
          3.6883989573167453
        ],
        "search_window_used": "stage2_due_to_no_crossing",
        "status": "ok",
        "t_arrival": 0.9719999999999999,
        "t_cross_incoming": 3.6149999999999998,
        "t_cross_incoming_corr": 3.6149999999999998,
        "t_cut_noreturn": 3.6883989573167453,
        "t_pk_incoming": 3.627,
        "t_pk_incoming_corr": 3.627,
        "t_pk_outgoing": 2.166,
        "t_ref_for_cut": 2.234266558159791,
        "t_ref_pred": 2.234266558159791,
        "v_pred_for_cut": 25.000015894571916,
        "v_used": 25.000015894571916,
        "w_in_used": 0.058499999999999996,
        "w_in_used_corr": 0.058499999999999996,
        "w_out_used": 0.061439902343812094
      },
      "analysis_total": {
        "R_loc_firstbounce": 0.003683359070131139,
        "R_net_firstbounce": 0.0036822420357037907,
        "arrival_thr_used": 0.00023303823199171666,
        "baseline_b_loc": 2.3255420652727354e-11,
        "baseline_b_net": 0.0,
        "baseline_ok": true,
        "baseline_window_used": [
          2.227439902343812,
          3.5685
        ],
        "inc_out_scale": 0.23303823199171667,
        "incident_window": [
          0.9719999999999999,
          2.221439902343812
        ],
        "incoming_peak_val": 0.005564266461676172,
        "incoming_peak_val_corr": 0.005564266461676172,
        "incoming_thr_used": 0.0046607646398343335,
        "incoming_thr_used_corr": 0.0046607646398343335,
        "incoming_width_window": [
          3.319800488280939,
          3.6883989573167453
        ],
        "integrals": {
          "P_inc_loc": 0.16461556455910675,
          "P_inc_net": 0.16461556455504014,
          "P_refl_loc": 0.0006063382328035439,
          "P_refl_net": 0.0006061543515356798
        },
        "reflection_window": [
          3.5685,
          3.6854999999999998
        ],
        "reflection_window_corr": [
          3.5685,
          3.6854999999999998
        ],
        "search_window_stage1": [
          2.227439902343812,
          2.541466069878852
        ],
        "search_window_stage2": [
          2.227439902343812,
          3.6883989573167453
        ],
        "search_window_used": "stage2_due_to_no_crossing",
        "status": "ok",
        "t_arrival": 0.9719999999999999,
        "t_cross_incoming": 3.6149999999999998,
        "t_cross_incoming_corr": 3.6149999999999998,
        "t_cut_noreturn": 3.6883989573167453,
        "t_pk_incoming": 3.627,
        "t_pk_incoming_corr": 3.627,
        "t_pk_outgoing": 2.166,
        "t_ref_for_cut": 2.234266558159791,
        "t_ref_pred": 2.234266558159791,
        "v_pred_for_cut": 25.000015894571916,
        "v_used": 25.000015894571916,
        "w_in_used": 0.058499999999999996,
        "w_in_used_corr": 0.058499999999999996,
        "w_out_used": 0.061439902343812094
      },
      "checks": {
        "check_abs_Jnet_vs_Jplus_minus_Jminus": 8.326672684688674e-17,
        "check_abs_Jnet_vs_conv_plus_spin": 1.1102230246251565e-16,
        "check_abs_Jnetconv_vs_Jplusconv_minus_Jminusconv": 8.326672684688674e-17,
        "check_rel_Jnet_vs_Jplus_minus_Jminus": 2.465368994107135e-16,
        "check_rel_Jnet_vs_conv_plus_spin": 3.287158658809513e-16,
        "check_rel_Jnetconv_vs_Jplusconv_minus_Jminusconv": 2.465368994107135e-16,
        "eps_spin_abs_incident_total": 5.335643239311614e-13,
        "eps_spin_signed_incident_total": 5.2152592276571974e-14
      },
      "dist_to_bottom": 19.133333206176758,
      "dist_to_roof": 0.85333251953125,
      "z_index": 1435,
      "z_pos": 19.133333206176758
    },
    "plane2": {
      "analysis_conv": {
        "R_loc_firstbounce": 0.07050821912787922,
        "R_net_firstbounce": 0.07049345435612468,
        "arrival_thr_used": 0.0003568676237946014,
        "baseline_b_loc": 6.971461910526284e-12,
        "baseline_b_net": 0.0,
        "baseline_ok": true,
        "baseline_window_used": [
          2.246639902343812,
          2.7239999999999993
        ],
        "inc_out_scale": 0.3568676237946014,
        "incident_window": [
          0.9179999999999999,
          2.240639902343812
        ],
        "incoming_peak_val": 0.03825284585241522,
        "incoming_peak_val_corr": 0.03825284585241522,
        "incoming_thr_used": 0.0071373524758920285,
        "incoming_thr_used_corr": 0.0071373524758920285,
        "incoming_width_window": [
          2.584800488280939,
          3.6311995117190605
        ],
        "integrals": {
          "P_inc_loc": 0.2673982913427113,
          "P_inc_net": 0.26739829134202564,
          "P_refl_loc": 0.01885377732041238,
          "P_refl_net": 0.018849829245624814
        },
        "reflection_window": [
          2.7239999999999993,
          3.492
        ],
        "reflection_window_corr": [
          2.7239999999999993,
          3.492
        ],
        "search_window_stage1": [
          2.246639902343812,
          2.781466069878852
        ],
        "search_window_stage2": [
          2.246639902343812,
          3.666798957316745
        ],
        "search_window_used": "stage2_due_to_no_crossing",
        "status": "ok",
        "t_arrival": 0.9179999999999999,
        "t_cross_incoming": 2.8739999999999997,
        "t_cross_incoming_corr": 2.8739999999999997,
        "t_cut_noreturn": 3.666798957316745,
        "t_pk_incoming": 3.1079999999999997,
        "t_pk_incoming_corr": 3.1079999999999997,
        "t_pk_outgoing": 2.142,
        "t_ref_for_cut": 2.258266558159791,
        "t_ref_pred": 2.258266558159791,
        "v_pred_for_cut": 25.000015894571916,
        "v_used": 25.000015894571916,
        "w_in_used": 0.3840000000000001,
        "w_in_used_corr": 0.3840000000000001,
        "w_out_used": 0.10463990234381214
      },
      "analysis_total": {
        "R_loc_firstbounce": 0.0705083964532626,
        "R_net_firstbounce": 0.07049345435620638,
        "arrival_thr_used": 0.00035686762379460557,
        "baseline_b_loc": 1.526472809814862e-11,
        "baseline_b_net": 0.0,
        "baseline_ok": true,
        "baseline_window_used": [
          2.246639902343812,
          2.7239999999999993
        ],
        "inc_out_scale": 0.35686762379460557,