{
  "meta": {
    "LxLyLz": [
      10.0,
      10.0,
      20.0
    ],
    "NxNyNz": [
      100,
      100,
      1500
    ],
    "T_final_saved": 20.0,
    "dt_saved": 0.019999999999999574,
    "k_bc": 3.141592653589793,
    "omega": 1.0,
    "run_dir": "2810.Spin_Gauss_DirichletABC_theta=0+C_Omega=1_L=10_TauTail",
    "raw_hpc_path_sanitized": true
  },
  "planes": {
    "plane1": {
      "Jnet_min": -0.009906262503427505,
      "Jnet_peak": 0.3954117731963495,
      "analysis_conv": {
        "R_loc_firstbounce": 0.010344621662504919,
        "R_net_firstbounce": 0.010101387630644604,
        "arrival_thr_used": 0.00039541177319474827,
        "baseline_b_loc": 5.7881437081635677e-11,
        "baseline_b_net": 0.0,
        "baseline_ok": true,
        "baseline_window_used": [
          2.6207992675785916,
          7.120000000000001
        ],
        "inc_out_scale": 0.39541177319474824,
        "incident_window": [
          1.0,
          2.5807992675785925
        ],
        "incoming_peak_val": 0.009264529986333685,
        "incoming_peak_val_corr": 0.009264529986333685,
        "incoming_thr_used": 0.007908235463894965,
        "incoming_thr_used_corr": 0.007908235463894965,
        "incoming_width_window": [
          6.156003662107045,
          10.763996337892957
        ],
        "integrals": {
          "P_inc_loc": 0.37541964390679183,
          "P_inc_net": 0.37541964387911986,
          "P_refl_loc": 0.0038835741808880817,
          "P_refl_net": 0.0037922593469815434
        },
        "reflection_window": [
          7.120000000000001,
          9.8
        ],
        "reflection_window_corr": [
          7.120000000000001,
          9.8
        ],
        "search_window_stage1": [
          2.6207992675785916,
          4.975995524091392
        ],
        "search_window_stage2": [
          2.6207992675785916,
          13.57799217987559
        ],
        "search_window_used": "stage2_due_to_no_crossing",
        "status": "ok",
        "t_arrival": 1.0,
        "t_cross_incoming": 8.44,
        "t_cross_incoming_corr": 8.44,
        "t_cut_noreturn": 13.57799217987559,
        "t_pk_incoming": 8.46,
        "t_pk_incoming_corr": 8.46,
        "t_pk_outgoing": 2.16,
        "t_ref_for_cut": 2.671999186198435,
        "t_ref_pred": 2.671999186198435,
        "v_pred_for_cut": 3.333335452609589,
        "v_used": 3.333335452609589,
        "w_in_used": 1.3400000000000003,
        "w_in_used_corr": 1.3400000000000003,
        "w_out_used": 0.4607992675785913
      },
      "analysis_total": {
        "R_loc_firstbounce": 0.010981649164311024,
        "R_net_firstbounce": 0.010101387630432196,
        "arrival_thr_used": 0.00039541177319634953,
        "baseline_b_loc": 2.8682280964986842e-05,
        "baseline_b_net": 0.0,
        "baseline_ok": true,
        "baseline_window_used": [
          2.6207992675785916,
          7.120000000000001
        ],
        "inc_out_scale": 0.3954117731963495,
        "incident_window": [
          1.0,
          2.5807992675785925
        ],
        "incoming_peak_val": 0.009264529986095792,
        "incoming_peak_val_corr": 0.009264529986095792,
        "incoming_thr_used": 0.00790823546392699,
        "incoming_thr_used_corr": 0.00790823546392699,
        "incoming_width_window": [
          6.156003662107045,
          10.763996337892957
        ],
        "integrals": {
          "P_inc_loc": 0.37541964388159743,
          "P_inc_net": 0.3754196438807728,
          "P_refl_loc": 0.004122726818498287,
          "P_refl_net": 0.003792259346918499
        },
        "reflection_window": [
          7.120000000000001,
          9.8
        ],
        "reflection_window_corr": [
          7.120000000000001,
          9.8
        ],
        "search_window_stage1": [
          2.6207992675785916,
          4.975995524091392
        ],
        "search_window_stage2": [
          2.6207992675785916,
          13.57799217987559
        ],
        "search_window_used": "stage2_due_to_no_crossing",
        "status": "ok",
        "t_arrival": 1.0,
        "t_cross_incoming": 8.44,
        "t_cross_incoming_corr": 8.44,
        "t_cut_noreturn": 13.57799217987559,
        "t_pk_incoming": 8.46,
        "t_pk_incoming_corr": 8.46,
        "t_pk_outgoing": 2.16,
        "t_ref_for_cut": 2.671999186198435,
        "t_ref_pred": 2.671999186198435,
        "v_pred_for_cut": 3.333335452609589,
        "v_used": 3.333335452609589,
        "w_in_used": 1.3400000000000003,
        "w_in_used_corr": 1.3400000000000003,
        "w_out_used": 0.4607992675785913
      },
      "checks": {
        "check_abs_Jnet_vs_Jplus_minus_Jminus": 1.1102230246251565e-16,
        "check_abs_Jnet_vs_conv_plus_spin": 1.1102230246251565e-16,
        "check_abs_Jnetconv_vs_Jplusconv_minus_Jminusconv": 1.1102230246251565e-16,
        "check_rel_Jnet_vs_Jplus_minus_Jminus": 2.739139204294096e-16,
        "check_rel_Jnet_vs_conv_plus_spin": 2.739139204294096e-16,
        "check_rel_Jnetconv_vs_Jplusconv_minus_Jminusconv": 2.739139204294096e-16,
        "eps_spin_abs_incident_total": 5.075794165633386e-12,
        "eps_spin_signed_incident_total": 4.402856549410048e-12
      },
      "dist_to_bottom": 19.133333206176758,
      "dist_to_roof": 0.85333251953125,
      "int_Jminus_net": 0.005669584575559427,
      "int_Jplus_net": 0.9309143361936006,
      "z_pos": 19.133333206176758
    },
    "plane2": {
      "Jnet_min": -0.014397641466058783,
      "Jnet_peak": 0.43566958059228744,
      "analysis_conv": {
        "R_loc_firstbounce": 0.016847977692528802,
        "R_net_firstbounce": 0.016509528700105247,
        "arrival_thr_used": 0.00043566958059190124,
        "baseline_b_loc": 5.019698287532008e-11,
        "baseline_b_net": 0.0,
        "baseline_ok": true,
        "baseline_window_used": [
          2.7647992675785913,
          6.18
        ],
        "inc_out_scale": 0.43566958059190125,
        "incident_window": [
          0.9400000000000001,
          2.724799267578592
        ],
        "incoming_peak_val": 0.009979397501689725,
        "incoming_peak_val_corr": 0.009979397501689725,
        "incoming_thr_used": 0.008713391611838026,
        "incoming_thr_used_corr": 0.008713391611838026,
        "incoming_width_window": [
          4.336003662107044,
          12.183996337892957
        ],
        "integrals": {
          "P_inc_loc": 0.4823204070154633,
          "P_inc_net": 0.48232040701388673,
          "P_refl_loc": 0.008126123458047937,
          "P_refl_net": 0.007962882602242207
        },
        "reflection_window": [
          6.18,
          10.34
        ],
        "reflection_window_corr": [
          6.18,
          10.34
        ],
        "search_window_stage1": [
          2.7647992675785913,
          6.775995524091391
        ],
        "search_window_stage2": [
          2.7647992675785913,
          13.415992179875587
        ],
        "search_window_used": "stage2_due_to_no_crossing",
        "status": "ok",
        "t_arrival": 0.9400000000000001,
        "t_cross_incoming": 8.26,
        "t_cross_incoming_corr": 8.26,
        "t_cut_noreturn": 13.415992179875587,
        "t_pk_incoming": 8.26,
        "t_pk_incoming_corr": 8.26,
        "t_pk_outgoing": 1.98,
        "t_ref_for_cut": 2.8519991861984346,
        "t_ref_pred": 2.8519991861984346,
        "v_pred_for_cut": 3.333335452609589,
        "v_used": 3.333335452609589,
        "w_in_used": 2.08,
        "w_in_used_corr": 2.08,
        "w_out_used": 0.7847992675785912
      },
      "analysis_total": {
        "R_loc_firstbounce": 0.019785457580639248,
        "R_net_firstbounce": 0.016509528700342432,
        "arrival_thr_used": 0.00043566958059228743,
        "baseline_b_loc": 2.68342271729563e-13,
        "baseline_b_net": 0.0,
        "baseline_ok": true,
        "baseline_window_used": [
          2.7647992675785913,
          6.18
        ],
        "inc_out_scale": 0.43566958059228744,