{
  "meta": {
    "LxLyLz": [
      1.0,
      1.0,
      20.0
    ],
    "NxNyNz": [
      100,
      100,
      1500
    ],
    "T_final_saved": 20.0,
    "dt_saved": 0.009999999999999787,
    "k_bc": 3.141592653589793,
    "omega": 100.0,
    "run_dir": "2815.Spin_Gauss_DirichletABC_theta=0+C_Omega=100_L=10_TauTail",
    "raw_hpc_path_sanitized": true
  },
  "planes": {
    "plane1": {
      "Jnet_min": -0.03244174654259775,
      "Jnet_peak": 0.32311530244312514,
      "analysis_conv": {
        "R_loc_firstbounce": 0.0036899182804718423,
        "R_net_firstbounce": 0.0036694776305554884,
        "arrival_thr_used": 0.0003231153024431319,
        "baseline_b_loc": 2.9032110359890402e-11,
        "baseline_b_net": 0.0,
        "baseline_ok": true,
        "baseline_window_used": [
          2.3635997558595303,
          5.525
        ],
        "inc_out_scale": 0.3231153024431319,
        "incident_window": [
          0.99,
          2.3435997558595307
        ],
        "incoming_peak_val": 0.007560803741271732,
        "incoming_peak_val_corr": 0.007560803741271732,
        "incoming_thr_used": 0.006462306048862638,
        "incoming_thr_used_corr": 0.006462306048862638,
        "incoming_width_window": [
          5.112001220702348,
          6.015997393291864
        ],
        "integrals": {
          "P_inc_loc": 0.24458696949375114,
          "P_inc_net": 0.24458696949363445,
          "P_refl_loc": 0.0009025059299002012,
          "P_refl_net": 0.0008975064132822493
        },
        "reflection_window": [
          5.525,
          6.015997393291864
        ],
        "reflection_window_corr": [
          5.525,
          6.015997393291864
        ],
        "search_window_stage1": [
          2.3635997558595303,
          3.1486651746971304
        ],
        "search_window_stage2": [
          2.3635997558595303,
          6.015997393291864
        ],
        "search_window_used": "stage2_due_to_no_crossing",
        "status": "ok",
        "t_arrival": 0.99,
        "t_cross_incoming": 5.87,
        "t_cross_incoming_corr": 5.87,
        "t_cut_noreturn": 6.015997393291864,
        "t_pk_incoming": 5.88,
        "t_pk_incoming_corr": 5.88,
        "t_pk_outgoing": 2.21,
        "t_ref_for_cut": 2.380666395399478,
        "t_ref_pred": 2.380666395399478,
        "v_pred_for_cut": 10.000006357828767,
        "v_used": 10.000006357828767,
        "w_in_used": 0.355,
        "w_in_used_corr": 0.355,
        "w_out_used": 0.15359975585953042
      },
      "analysis_total": {
        "R_loc_firstbounce": 0.00369139515844615,
        "R_net_firstbounce": 0.0036694776305095313,
        "arrival_thr_used": 0.00032311530244312514,
        "baseline_b_loc": 6.78919214966615e-11,
        "baseline_b_net": 0.0,
        "baseline_ok": true,
        "baseline_window_used": [
          2.3635997558595303,
          5.525
        ],
        "inc_out_scale": 0.32311530244312514,
        "incident_window": [
          0.99,
          2.3435997558595307
        ],
        "incoming_peak_val": 0.007560803741216276,
        "incoming_peak_val_corr": 0.007560803741216276,
        "incoming_thr_used": 0.006462306048862503,
        "incoming_thr_used_corr": 0.006462306048862503,
        "incoming_width_window": [
          5.112001220702348,
          6.015997393291864
        ],
        "integrals": {
          "P_inc_loc": 0.24458696949402722,
          "P_inc_net": 0.24458696949363284,
          "P_refl_loc": 0.0009028671550092682,
          "P_refl_net": 0.0008975064132710029
        },
        "reflection_window": [
          5.525,
          6.015997393291864
        ],
        "reflection_window_corr": [
          5.525,
          6.015997393291864
        ],
        "search_window_stage1": [
          2.3635997558595303,
          3.1486651746971304
        ],
        "search_window_stage2": [
          2.3635997558595303,
          6.015997393291864
        ],
        "search_window_used": "stage2_due_to_no_crossing",
        "status": "ok",
        "t_arrival": 0.99,
        "t_cross_incoming": 5.87,
        "t_cross_incoming_corr": 5.87,
        "t_cut_noreturn": 6.015997393291864,
        "t_pk_incoming": 5.88,
        "t_pk_incoming_corr": 5.88,
        "t_pk_outgoing": 2.21,
        "t_ref_for_cut": 2.380666395399478,
        "t_ref_pred": 2.380666395399478,
        "v_pred_for_cut": 10.000006357828767,
        "v_used": 10.000006357828767,
        "w_in_used": 0.355,
        "w_in_used_corr": 0.355,
        "w_out_used": 0.15359975585953042
      },
      "checks": {
        "check_abs_Jnet_vs_Jplus_minus_Jminus": 1.6653345369377348e-16,
        "check_abs_Jnet_vs_conv_plus_spin": 1.1102230246251565e-16,
        "check_abs_Jnetconv_vs_Jplusconv_minus_Jminusconv": 1.1102230246251565e-16,
        "check_rel_Jnet_vs_Jplus_minus_Jminus": 4.683733711987091e-16,
        "check_rel_Jnet_vs_conv_plus_spin": 3.1224891413247275e-16,
        "check_rel_Jnetconv_vs_Jplusconv_minus_Jminusconv": 3.1224891413247275e-16,
        "eps_spin_abs_incident_total": 1.549654166517039e-13,
        "eps_spin_signed_incident_total": -6.288849684717467e-15
      },
      "dist_to_bottom": 19.133333206176758,
      "dist_to_roof": 0.85333251953125,
      "int_Jminus_net": 0.07311266327077898,
      "int_Jplus_net": 0.755402456735796,
      "z_pos": 19.133333206176758
    },
    "plane2": {
      "Jnet_min": -0.0629095063313007,
      "Jnet_peak": 0.41172795695522435,
      "analysis_conv": {
        "R_loc_firstbounce": 0.009154595598655052,
        "R_net_firstbounce": 0.009154595474709376,
        "arrival_thr_used": 0.00041172795695517593,
        "baseline_b_loc": 6.274137318234264e-12,
        "baseline_b_net": 0.0,
        "baseline_ok": true,
        "baseline_window_used": [
          2.4115997558595303,
          5.430000000000001
        ],
        "inc_out_scale": 0.41172795695517594,
        "incident_window": [
          0.93,
          2.3915997558595308
        ],
        "incoming_peak_val": 0.010678416421569295,
        "incoming_peak_val_corr": 0.010678416421569295,
        "incoming_thr_used": 0.00823455913910352,
        "incoming_thr_used_corr": 0.00823455913910352,
        "incoming_width_window": [
          4.422001220702348,
          5.961997393291862
        ],
        "integrals": {
          "P_inc_loc": 0.3532511008651375,
          "P_inc_net": 0.3532511008650088,
          "P_refl_loc": 0.0032338709732000395,
          "P_refl_net": 0.003233870929414915
        },
        "reflection_window": [
          5.430000000000001,
          5.961997393291862
        ],
        "reflection_window_corr": [
          5.430000000000001,
          5.961997393291862
        ],
        "search_window_stage1": [
          2.4115997558595303,
          3.748665174697131
        ],
        "search_window_stage2": [
          2.4115997558595303,
          5.961997393291862
        ],
        "search_window_used": "stage2_due_to_no_crossing",
        "status": "ok",
        "t_arrival": 0.93,
        "t_cross_incoming": 5.7,
        "t_cross_incoming_corr": 5.7,
        "t_cut_noreturn": 5.961997393291862,
        "t_pk_incoming": 5.73,
        "t_pk_incoming_corr": 5.73,
        "t_pk_outgoing": 2.15,
        "t_ref_for_cut": 2.4406663953994783,
        "t_ref_pred": 2.4406663953994783,
        "v_pred_for_cut": 10.000006357828767,
        "v_used": 10.000006357828767,
        "w_in_used": 0.2999999999999998,
        "w_in_used_corr": 0.2999999999999998,
        "w_out_used": 0.26159975585953055
      },
      "analysis_total": {
        "R_loc_firstbounce": 0.00915466201874318,
        "R_net_firstbounce": 0.0091545954747145,
        "arrival_thr_used": 0.00041172795695522434,
        "baseline_b_loc": 1.0841372428743006e-11,
        "baseline_b_net": 0.0,
        "baseline_ok": true,
        "baseline_window_used": [
          2.4115997558595303,
          5.430000000000001
        ],
        "inc_out_scale": 0.41172795695522435,