{
  "meta": {
    "LxLyLz": [
      1.414213562373095,
      1.414213562373095,
      20.0
    ],
    "NxNyNz": [
      100,
      100,
      1500
    ],
    "T_final_saved": 19.992,
    "dt_saved": 0.01399999999999979,
    "k_bc": 3.141592653589793,
    "omega": 50.0,
    "run_dir": "2811.Spin_Gauss_DirichletABC_theta=0+C_Omega=50_L=10_TauTail",
    "raw_hpc_path_sanitized": true
  },
  "planes": {
    "plane1": {
      "Jnet_min": -0.017917131213580146,
      "Jnet_peak": 0.37475994590322276,
      "analysis_conv": {
        "R_loc_firstbounce": 0.0050204911141451475,
        "R_net_firstbounce": 0.004988677830725648,
        "arrival_thr_used": 0.00037475994590329754,
        "baseline_b_loc": 1.54980057248749e-11,
        "baseline_b_net": 0.0,
        "baseline_ok": true,
        "baseline_window_used": [
          2.4410396582033425,
          6.811
        ],
        "inc_out_scale": 0.37475994590329753,
        "incident_window": [
          0.994,
          2.413039658203343
        ],
        "incoming_peak_val": 0.008285339716087553,
        "incoming_peak_val_corr": 0.008285339716087553,
        "incoming_thr_used": 0.007495198918065951,
        "incoming_thr_used_corr": 0.007495198918065951,
        "incoming_width_window": [
          6.162801708983287,
          7.554396350608608
        ],
        "integrals": {
          "P_inc_loc": 0.29855554780534316,
          "P_inc_net": 0.2985555478052649,
          "P_refl_loc": 0.001498895474835462,
          "P_refl_net": 0.0014893974425762766
        },
        "reflection_window": [
          6.811,
          7.554396350608608
        ],
        "reflection_window_corr": [
          6.811,
          7.554396350608608
        ],
        "search_window_stage1": [
          2.4410396582033425,
          3.5401312445759823
        ],
        "search_window_stage2": [
          2.4410396582033425,
          7.554396350608608
        ],
        "search_window_used": "stage2_due_to_no_crossing",
        "status": "ok",
        "t_arrival": 0.994,
        "t_cross_incoming": 7.2379999999999995,
        "t_cross_incoming_corr": 7.2379999999999995,
        "t_cut_noreturn": 7.554396350608608,
        "t_pk_incoming": 7.2379999999999995,
        "t_pk_incoming_corr": 7.2379999999999995,
        "t_pk_outgoing": 2.226,
        "t_ref_for_cut": 2.4649329535592694,
        "t_ref_pred": 2.4649329535592694,
        "v_pred_for_cut": 7.142861684163405,
        "v_used": 7.142861684163405,
        "w_in_used": 0.42700000000000005,
        "w_in_used_corr": 0.42700000000000005,
        "w_out_used": 0.21503965820334253
      },
      "analysis_total": {
        "R_loc_firstbounce": 0.00502115830309322,
        "R_net_firstbounce": 0.004988677830711192,
        "arrival_thr_used": 0.0003747599459032228,
        "baseline_b_loc": 2.487248057125736e-11,
        "baseline_b_net": 0.0,
        "baseline_ok": true,
        "baseline_window_used": [
          2.4410396582033425,
          6.811
        ],
        "inc_out_scale": 0.37475994590322276,
        "incident_window": [
          0.994,
          2.413039658203343
        ],
        "incoming_peak_val": 0.008285339715992187,
        "incoming_peak_val_corr": 0.008285339715992187,
        "incoming_thr_used": 0.007495198918064455,
        "incoming_thr_used_corr": 0.007495198918064455,
        "incoming_width_window": [
          6.162801708983287,
          7.554396350608608
        ],
        "integrals": {
          "P_inc_loc": 0.29855554780554905,
          "P_inc_net": 0.2985555478052611,
          "P_refl_loc": 0.0014990946677983774,
          "P_refl_net": 0.0014893974425719415
        },
        "reflection_window": [
          6.811,
          7.554396350608608
        ],
        "reflection_window_corr": [
          6.811,
          7.554396350608608
        ],
        "search_window_stage1": [
          2.4410396582033425,
          3.5401312445759823
        ],
        "search_window_stage2": [
          2.4410396582033425,
          7.554396350608608
        ],
        "search_window_used": "stage2_due_to_no_crossing",
        "status": "ok",
        "t_arrival": 0.994,
        "t_cross_incoming": 7.2379999999999995,
        "t_cross_incoming_corr": 7.2379999999999995,
        "t_cut_noreturn": 7.554396350608608,
        "t_pk_incoming": 7.2379999999999995,
        "t_pk_incoming_corr": 7.2379999999999995,
        "t_pk_outgoing": 2.226,
        "t_ref_for_cut": 2.4649329535592694,
        "t_ref_pred": 2.4649329535592694,
        "v_pred_for_cut": 7.142861684163405,
        "v_used": 7.142861684163405,
        "w_in_used": 0.42700000000000005,
        "w_in_used_corr": 0.42700000000000005,
        "w_out_used": 0.21503965820334253
      },
      "checks": {
        "check_abs_Jnet_vs_Jplus_minus_Jminus": 1.6653345369377348e-16,
        "check_abs_Jnet_vs_conv_plus_spin": 1.6653345369377348e-16,
        "check_abs_Jnetconv_vs_Jplusconv_minus_Jminusconv": 1.1102230246251565e-16,
        "check_rel_Jnet_vs_Jplus_minus_Jminus": 4.2409772150623686e-16,
        "check_rel_Jnet_vs_conv_plus_spin": 4.2409772150623686e-16,
        "check_rel_Jnetconv_vs_Jplusconv_minus_Jminusconv": 2.8273181433749127e-16,
        "eps_spin_abs_incident_total": 2.0417736796718908e-13,
        "eps_spin_signed_incident_total": -1.2177356612593348e-14
      },
      "dist_to_bottom": 19.133333206176758,
      "dist_to_roof": 0.85333251953125,
      "int_Jminus_net": 0.031750540235862226,
      "int_Jplus_net": 0.8246406871969799,
      "z_pos": 19.133333206176758
    },
    "plane2": {
      "Jnet_min": -0.03707580080516853,
      "Jnet_peak": 0.43711136974283904,
      "analysis_conv": {
        "R_loc_firstbounce": 0.011069934751473422,
        "R_net_firstbounce": 0.011055195041801323,
        "arrival_thr_used": 0.0004371113697428077,
        "baseline_b_loc": 2.510661665227544e-12,
        "baseline_b_net": 0.0,
        "baseline_ok": true,
        "baseline_window_used": [
          2.5082396582033426,
          5.901
        ],
        "inc_out_scale": 0.43711136974280773,
        "incident_window": [
          0.938,
          2.480239658203343
        ],
        "incoming_peak_val": 0.009328371523011305,
        "incoming_peak_val_corr": 0.009328371523011305,
        "incoming_thr_used": 0.008742227394856155,
        "incoming_thr_used_corr": 0.008742227394856155,
        "incoming_width_window": [
          4.734801708983286,
          7.478796350608607
        ],
        "integrals": {
          "P_inc_loc": 0.4046339392364958,
          "P_inc_net": 0.40463393923637986,
          "P_refl_loc": 0.00447927130557967,
          "P_refl_net": 0.004473307118790564
        },
        "reflection_window": [
          5.901,
          7.231
        ],
        "reflection_window_corr": [
          5.901,
          7.231
        ],
        "search_window_stage1": [
          2.5082396582033426,
          4.380131244575983
        ],
        "search_window_stage2": [
          2.5082396582033426,
          7.478796350608607
        ],
        "search_window_used": "stage2_due_to_no_crossing",
        "status": "ok",
        "t_arrival": 0.938,
        "t_cross_incoming": 6.552,
        "t_cross_incoming_corr": 6.552,
        "t_cut_noreturn": 7.478796350608607,
        "t_pk_incoming": 6.566,
        "t_pk_incoming_corr": 6.566,
        "t_pk_outgoing": 2.142,
        "t_ref_for_cut": 2.5489329535592695,
        "t_ref_pred": 2.5489329535592695,
        "v_pred_for_cut": 7.142861684163405,
        "v_used": 7.142861684163405,
        "w_in_used": 0.665,
        "w_in_used_corr": 0.665,
        "w_out_used": 0.36623965820334264
      },
      "analysis_total": {
        "R_loc_firstbounce": 0.01107101077136095,
        "R_net_firstbounce": 0.011055195041780307,
        "arrival_thr_used": 0.00043711136974283906,
        "baseline_b_loc": 3.886540438509809e-12,
        "baseline_b_net": 0.0,
        "baseline_ok": true,