{
  "meta": {
    "LxLyLz": [
      0.7071067811865475,
      0.7071067811865475,
      20.0
    ],
    "NxNyNz": [
      100,
      100,
      1500
    ],
    "T_final_saved": 20.0,
    "dt_saved": 0.0040000000000000036,
    "k_bc": 3.141592653589793,
    "omega": 200.0,
    "run_dir": "2813.Spin_Gauss_DirichletABC_theta=0+C_Omega=200_L=10_TauTail",
    "raw_hpc_path_sanitized": true
  },
  "planes": {
    "plane1": {
      "Jnet_min": -0.07506772041871913,
      "Jnet_peak": 0.26201657785214255,
      "analysis_conv": {
        "R_loc_firstbounce": 0.016120412098803563,
        "R_net_firstbounce": 0.016113209985701888,
        "arrival_thr_used": 0.0002620165778520438,
        "baseline_b_loc": 6.647974649777371e-12,
        "baseline_b_net": 0.0,
        "baseline_ok": true,
        "baseline_window_used": [
          2.2721598535157184,
          3.6700000000000004
        ],
        "inc_out_scale": 0.2620165778520438,
        "incident_window": [
          0.9760000000000001,
          2.2641598535157184
        ],
        "incoming_peak_val": 0.005728162671692408,
        "incoming_peak_val_corr": 0.005728162671692408,
        "incoming_thr_used": 0.005240331557040876,
        "incoming_thr_used_corr": 0.005240331557040876,
        "incoming_width_window": [
          3.4872007324214085,
          4.408799267578592
        ],
        "integrals": {
          "P_inc_loc": 0.18942441527304194,
          "P_inc_net": 0.18942441527230655,
          "P_refl_loc": 0.0030535996357763354,
          "P_refl_net": 0.003052235379701471
        },
        "reflection_window": [
          3.6700000000000004,
          4.226000000000001
        ],
        "reflection_window_corr": [
          3.6700000000000004,
          4.226000000000001
        ],
        "search_window_stage1": [
          2.2721598535157184,
          2.743199104818279
        ],
        "search_window_stage2": [
          2.2721598535157184,
          4.463598435975118
        ],
        "search_window_used": "stage2_due_to_no_crossing",
        "status": "ok",
        "t_arrival": 0.9760000000000001,
        "t_cross_incoming": 3.9440000000000004,
        "t_cross_incoming_corr": 3.9440000000000004,
        "t_cut_noreturn": 4.463598435975118,
        "t_pk_incoming": 3.9480000000000004,
        "t_pk_incoming_corr": 3.9480000000000004,
        "t_pk_outgoing": 2.18,
        "t_ref_for_cut": 2.282399837239687,
        "t_ref_pred": 2.282399837239687,
        "v_pred_for_cut": 16.666677263047944,
        "v_used": 16.666677263047944,
        "w_in_used": 0.278,
        "w_in_used_corr": 0.278,
        "w_out_used": 0.09215985351571834
      },
      "analysis_total": {
        "R_loc_firstbounce": 0.016120742996484402,
        "R_net_firstbounce": 0.016113209985636354,
        "arrival_thr_used": 0.00026201657785214255,
        "baseline_b_loc": 2.2021892421812684e-11,
        "baseline_b_net": 0.0,
        "baseline_ok": true,
        "baseline_window_used": [
          2.2721598535157184,
          3.6700000000000004
        ],
        "inc_out_scale": 0.26201657785214255,
        "incident_window": [
          0.9760000000000001,
          2.2641598535157184
        ],
        "incoming_peak_val": 0.005728162671899542,
        "incoming_peak_val_corr": 0.005728162671899542,
        "incoming_thr_used": 0.005240331557042851,
        "incoming_thr_used_corr": 0.005240331557042851,
        "incoming_width_window": [
          3.4872007324214085,
          4.408799267578592
        ],
        "integrals": {
          "P_inc_loc": 0.18942441527506487,
          "P_inc_net": 0.18942441527230205,
          "P_refl_loc": 0.003053662315908655,
          "P_refl_net": 0.0030522353796889846
        },
        "reflection_window": [
          3.6700000000000004,
          4.226000000000001
        ],
        "reflection_window_corr": [
          3.6700000000000004,
          4.226000000000001
        ],
        "search_window_stage1": [
          2.2721598535157184,
          2.743199104818279
        ],
        "search_window_stage2": [
          2.2721598535157184,
          4.463598435975118
        ],
        "search_window_used": "stage2_due_to_no_crossing",
        "status": "ok",
        "t_arrival": 0.9760000000000001,
        "t_cross_incoming": 3.9440000000000004,
        "t_cross_incoming_corr": 3.9440000000000004,
        "t_cut_noreturn": 4.463598435975118,
        "t_pk_incoming": 3.9480000000000004,
        "t_pk_incoming_corr": 3.9480000000000004,
        "t_pk_outgoing": 2.18,
        "t_ref_for_cut": 2.282399837239687,
        "t_ref_pred": 2.282399837239687,
        "v_pred_for_cut": 16.666677263047944,
        "v_used": 16.666677263047944,
        "w_in_used": 0.278,
        "w_in_used_corr": 0.278,
        "w_out_used": 0.09215985351571834
      },
      "checks": {
        "check_abs_Jnet_vs_Jplus_minus_Jminus": 1.1102230246251565e-16,
        "check_abs_Jnet_vs_conv_plus_spin": 1.1102230246251565e-16,
        "check_abs_Jnetconv_vs_Jplusconv_minus_Jminusconv": 1.1102230246251565e-16,
        "check_rel_Jnet_vs_Jplus_minus_Jminus": 3.293606466086091e-16,
        "check_rel_Jnet_vs_conv_plus_spin": 3.293606466086091e-16,
        "check_rel_Jnetconv_vs_Jplusconv_minus_Jminusconv": 3.293606466086091e-16,
        "eps_spin_abs_incident_total": 3.7650544282817907e-13,
        "eps_spin_signed_incident_total": -2.3736178345521646e-14
      },
      "dist_to_bottom": 19.133333206176758,
      "dist_to_roof": 0.85333251953125,
      "int_Jminus_net": 0.17350186175394008,
      "int_Jplus_net": 0.7028650923851705,
      "z_pos": 19.133333206176758
    },
    "plane2": {
      "Jnet_min": -0.09546348368522473,
      "Jnet_peak": 0.37537478870794666,
      "analysis_conv": {
        "R_loc_firstbounce": 0.006861849313427578,
        "R_net_firstbounce": 0.006816079364286284,
        "arrival_thr_used": 0.00037537478870794107,
        "baseline_b_loc": 1.4349469588116284e-11,
        "baseline_b_net": 0.0,
        "baseline_ok": true,
        "baseline_window_used": [
          2.3009598535157183,
          2.94
        ],
        "inc_out_scale": 0.37537478870794105,
        "incident_window": [
          0.92,
          2.2929598535157183
        ],
        "incoming_peak_val": 0.007816642934810951,
        "incoming_peak_val_corr": 0.007816642934810951,
        "incoming_thr_used": 0.0075074957741588216,
        "incoming_thr_used_corr": 0.0075074957741588216,
        "incoming_width_window": [
          2.355200732421408,
          3.9247992675785923
        ],
        "integrals": {
          "P_inc_loc": 0.2959210420666137,
          "P_inc_net": 0.29592104206609193,
          "P_refl_loc": 0.0020305655993335665,
          "P_refl_net": 0.0020170213082847826
        },
        "reflection_window": [
          2.94,
          3.3400000000000003
        ],
        "reflection_window_corr": [
          2.94,
          3.3400000000000003
        ],
        "search_window_stage1": [
          2.3009598535157183,
          3.1031991048182794
        ],
        "search_window_stage2": [
          2.3009598535157183,
          4.4311984359751175
        ],
        "search_window_used": "stage2_due_to_no_crossing",
        "status": "ok",
        "t_arrival": 0.92,
        "t_cross_incoming": 3.136,
        "t_cross_incoming_corr": 3.136,
        "t_cut_noreturn": 4.4311984359751175,
        "t_pk_incoming": 3.14,
        "t_pk_incoming_corr": 3.14,
        "t_pk_outgoing": 2.144,
        "t_ref_for_cut": 2.3183998372396872,
        "t_ref_pred": 2.3183998372396872,
        "v_pred_for_cut": 16.666677263047944,
        "v_used": 16.666677263047944,
        "w_in_used": 0.20000000000000018,
        "w_in_used_corr": 0.20000000000000018,
        "w_out_used": 0.1569598535157184
      },
      "analysis_total": {
        "R_loc_firstbounce": 0.006863799595945963,
        "R_net_firstbounce": 0.00681607936421422,
        "arrival_thr_used": 0.00037537478870794665,